,Date,Symbol,Market Cap (intraday),Enterprise Value,Trailing P/E,Forward P/E,PEG Ratio (5 yr expected),Price/Sales (ttm),Price/Book (mrq),Enterprise Value/Revenue,Enterprise Value/EBITDA,Beta (5Y Monthly),52-Week Change,S&P500 52-Week Change,52 Week High,52 Week Low,50-Day Moving Average,200-Day Moving Average,Avg Vol (3 month),Avg Vol (10 day),Shares Outstanding,Float,% Held by Insiders,% Held by Institutions,Shares Short,Short Ratio,Short % of Float,Short % of Shares Outstanding,Forward Annual Dividend Rate,Forward Annual Dividend Yield,Trailing Annual Dividend Rate,Trailing Annual Dividend Yield,5 Year Average Dividend Yield,Payout Ratio,Dividend Date,Ex-Dividend Date,Last Split Factor,Last Split Date,Fiscal Year Ends,Most Recent Quarter (mrq),Profit Margin,Operating Margin (ttm),Return on Assets (ttm),Return on Equity (ttm),Revenue (ttm),Revenue Per Share (ttm),Quarterly Revenue Growth (yoy),Gross Profit (ttm),EBITDA,Net Income Avi to Common (ttm),Diluted EPS (ttm),Quarterly Earnings Growth (yoy),Total Cash (mrq),Total Cash Per Share (mrq),Total Debt (mrq),Total Debt/Equity (mrq),Current Ratio (mrq),Book Value Per Share (mrq),Operating Cash Flow (ttm),Levered Free Cash Flow (ttm)
0,20200520,NOK,21.04B,20.09B,,11.98,0.96,,1.19,,,0.38,-28.43%,3.13%,5.7700,2.3400,3.3706,3.5789,31.98M,20.81M,5.62B,5.03B,0.00%,4.78%,20.99M,1.01,,0.47%,0.22,6.14%,0.22,6.05%,3.57,161.11%,"Aug 12, 2019","Jul 28, 2019",4:1,"Apr 10, 2000","Dec 30, 2019","Mar 30, 2020",1.45%,0.00%,2.15%,2.31%,,,-2.40%,8.45B,,,-0.1920,,,,,37.22,1.37,3.12,,
1,20200520,TCS,105.15M,788M,5.82,4.63,0.34,0.11,0.38,0.85,9.77,1.89,-73.28%,3.13%,7.9800,1.8000,2.1654,3.4232,321.87k,435.12k,49.37M,17.09M,25.73%,31.33%,3.1M,7.75,16.25%,5.70%,,,,,,0.00%,,,1:2,"Nov 29, 2004","Mar 29, 2019","Dec 27, 2019",1.92%,5.17%,3.13%,6.87%,927.79M,19.02,3.20%,523.68M,80.69M,17.84M,0.3660,-74.10%,13.97M,0.28,689.41M,257.08,1.05,5.55,35.94M,-12.03M
2,20200520,PANL,90.57M,309.73M,7.44,1.48,,0.22,0.53,0.75,6.06,0.87,-42.90%,3.13%,4.3500,1.6000,2.1041,2.6631,18.43k,22.97k,45.06M,19.17M,46.50%,59.38%,8.74k,0.34,0.06%,0.01%,,,0.10,5.28%,,38.89%,"Dec 02, 2019","Nov 19, 2019",,,"Dec 30, 2019","Dec 30, 2019",2.83%,7.91%,4.36%,7.16%,412.2M,9.64,28.10%,68.5M,51.12M,11.66M,0.2700,,50.56M,1.12,177.02M,72.83,1.40,3.79,44.46M,-33.51M
3,20200520,QUAD,146.26M,1.3B,,6.33,1.14,0.04,0.82,0.34,4.04,1.95,-72.91%,3.13%,12.1200,2.0000,2.8111,4.0022,603.13k,320.23k,40.21M,32.22M,23.63%,62.13%,3.76M,6.46,11.77%,7.21%,,,0.90,33.09%,9.39,,"Mar 08, 2020","Feb 26, 2020",,,"Dec 30, 2019","Mar 30, 2020",-3.86%,3.11%,2.96%,-16.75%,3.78B,75.36,-14.40%,731.2M,320.3M,-51.9M,-2.9110,,207.8M,3.86,1.3B,664.29,1.24,3.32,258.8M,271.56M
4,20200520,GCI,161.17M,1.92B,,2.60,,0.07,0.18,0.79,7.53,1.45,-89.48%,3.13%,11.3500,0.6300,0.9886,4.5050,4.64M,5.62M,132.1M,117.58M,5.47%,86.41%,22.62M,2.97,13.31%,13.10%,,,0.76,74.51%,13.99,,"Nov 11, 2019","Oct 30, 2019",,,"Dec 30, 2019","Mar 30, 2020",-7.86%,4.88%,2.73%,-24.39%,2.43B,28.47,144.80%,788.32M,254.92M,-190.89M,-2.2370,,199.65M,1.52,1.98B,221.70,1.05,6.79,54.28M,251.33M
5,20200520,TWO,1.29B,19.7B,,4.20,-0.60,-5.21,0.67,-79.90,,1.62,-64.91%,3.13%,15.8500,2.2500,4.2386,11.2407,9.21M,7.59M,273.53M,271.27M,1.14%,62.82%,5.76M,1,4.61%,4.58%,0.2,4.42%,1.25,27.59%,11.78,,"Apr 28, 2020","Apr 14, 2020",1221:2000,"Nov 01, 2017","Dec 30, 2019","Mar 30, 2020",0.00%,623.03%,-5.99%,-39.59%,-246.6M,-0.90,,1.13B,,-1.6B,-5.8430,,1.47B,5.38,18.95B,652.65,0.15,7.04,,
6,20200520,NYMT,722.85M,22.24B,2.99,3.83,0.65,3.21,0.33,98.62,,1.95,-69.67%,3.13%,6.4700,0.9800,1.8743,4.7380,15.23M,10.05M,377.46M,375.28M,0.57%,47.81%,17.28M,1.04,5.24%,4.53%,,,0.80,43.24%,15.73,125.00%,"Jan 26, 2020","Dec 18, 2019",1:2,"May 28, 2008","Dec 30, 2019","Dec 30, 2019",77.06%,77.90%,0.90%,10.21%,225.46M,1.02,207.50%,211.99M,,144.84M,0.6410,582.00%,134.64M,0.36,21.11B,957.40,6.61,5.84,35.1M,
7,20200520,HAPP,70.25M,43.52M,3.53,3.19,,1.10,0.98,0.68,1.98,,-38.22%,3.13%,6.1000,2.4400,2.9855,4.0144,427.46k,491.2k,25M,8.49M,63.09%,0.01%,50.41k,0.19,1.17%,0.43%,,,,,,0.00%,,,,,"Mar 30, 2019","Sep 29, 2019",28.72%,33.33%,21.18%,31.61%,63.86M,2.78,-0.20%,32.25M,21.97M,18.34M,0.7970,-4.30%,23.83M,1.04,2.04M,3.07,11.72,2.88,10.39M,10.29M
8,20200520,OPK,1.82B,1.69B,,-14.34,-0.51,2.05,1.18,1.89,-27.84,2.27,31.90%,3.13%,2.9100,1.1200,1.9180,1.6513,18.42M,19.99M,669.83M,416.08M,39.85%,26.36%,98.38M,7.58,25.22%,15.08%,,,,,,0.00%,,,,,"Dec 30, 2019","Mar 30, 2020",-32.92%,-17.14%,-3.97%,-17.71%,890.95M,1.46,-4.90%,264.95M,-60.63M,-293.3M,-0.4830,,34.53M,0.05,315.69M,20.39,1.12,2.31,-166.9M,-79.79M
9,20200520,PBI,403.95M,2.55B,,3.77,-0.59,0.13,13.60,0.79,6.82,2.70,-51.65%,3.13%,5.5000,1.6700,2.3506,3.5121,3.25M,2.11M,172.63M,171.21M,0.66%,80.82%,33.35M,9.98,23.78%,17.69%,0.2,9.48%,0.20,8.51%,6.39,,"Jun 07, 2020","May 20, 2020",2:1,"Jan 19, 1998","Dec 30, 2019","Mar 30, 2020",-0.35%,6.56%,2.46%,-303.76%,3.21B,18.59,0.10%,1.28B,373.43M,-175.86M,-0.0660,,730.25M,4.23,2.84B,9640.25,1.30,0.17,116.19M,105.54M
10,20200520,IBIO,186.42M,105.69M,,,,106.89,,60.60,-8.35,-6.17,118.75%,3.13%,3.4000,0.0500,1.0351,0.6583,26.19M,21.97M,102.26M,59.63M,8.78%,11.56%,2.91M,0.32,5.64%,3.91%,,,,,,0.00%,,,1:10,"Jun 10, 2018","Jun 29, 2019","Dec 30, 2019",0.00%,-840.25%,-23.89%,-321.20%,1.74M,0.07,-51.80%,2.02M,-12.66M,-38.77M,-1.5830,,3.64M,0.05,32.38M,,0.85,-0.01,-14.22M,-8.34M
11,20200520,SIFY,164.33M,,9.56,18.35,,,1.02,,,1.67,-30.15%,3.13%,1.6500,0.5600,0.8814,1.1088,72.42k,42.8k,179.14M,,0.00%,0.88%,13.58k,0.06,,,0.02,1.78%,0.02,1.94%,1.38,30.31%,"Jul 15, 2019","May 23, 2019",1:4,"Sep 23, 2002","Mar 30, 2020","Mar 30, 2020",3.08%,0.00%,,,,,2.00%,8.59B,,,0.0960,-55.80%,,,,,,0.9,,
12,20200520,OSG,174.11M,876.97M,20.88,,,0.49,0.51,2.47,12.71,0.28,7.61%,3.13%,2.8100,1.4600,2.3000,2.0612,515.19k,455.47k,85.98M,52.65M,16.02%,59.63%,452.66k,0.82,0.82%,0.49%,,,0.00,0.00%,,0.00%,"Mar 24, 2016","May 04, 2016",1:6,"Jun 12, 2016","Dec 30, 2019","Dec 30, 2019",2.44%,8.42%,1.87%,2.59%,355.55M,3.98,10.30%,110.16M,68.99M,8.68M,0.0970,,41.5M,0.48,705.25M,206.49,0.36,3.98,73.45M,-57.35M
13,20200520,SMSI,177.7M,164.64M,13.28,9.75,1.26,3.68,3.20,3.41,11.96,,36.56%,3.13%,7.1500,2.8100,4.5171,4.7340,815.78k,697.18k,41.42M,31.77M,20.08%,24.10%,2.75M,2.52,5.26%,4.43%,,,,,,0.00%,,,1:4,"Aug 16, 2016","Dec 30, 2019","Mar 30, 2020",26.37%,25.08%,14.83%,32.24%,48.24M,1.32,58.00%,39.42M,13.76M,12.63M,0.3230,"4,160.40%",19.46M,0.49,6.82M,12.91,3.56,1.34,12.9M,9.59M
14,20200520,NIO,3.98B,3.88B,,-4.83,-0.85,,0.61,,,,-15.85%,3.13%,5.6500,1.1900,3.1457,3.1537,43.35M,22.49M,1.05B,738.84M,52.52%,1.39%,119.33M,3.18,,,,,,,,0.00%,"May 01, 2016",,,,"Dec 30, 2019","Dec 30, 2019",-145.86%,0.00%,-41.43%,-686.32%,,,-17.10%,-1.2B,,,-44.1020,,,,,,0.52,6.08,,
15,20200520,MBRX,64.63M,46.6M,,-2.61,,,3.14,,-2.69,2.45,-6.96%,3.13%,1.9700,0.3230,1.0237,0.9100,5.83M,,60.4M,38.81M,11.45%,20.38%,1.62M,0.42,10.53%,9.32%,,,,,,0.00%,,,,,"Dec 30, 2019","Dec 30, 2019",0.00%,0.00%,-48.87%,-88.50%,,,,,-17.32M,-13.21M,-0.3240,,10.73M,0.2,379k,2.43,3.78,0.34,-17.2M,-11.49M
16,20200520,DPW,5.57M,17.9M,,,,0.22,0.16,0.70,-1.15,3.67,-83.53%,3.13%,15.2000,0.5300,1.0969,1.1913,1.49M,556.65k,4.94M,2.6M,19.88%,4.71%,130.5k,0.08,5.51%,4.76%,,,,,,0.00%,,,1:40,"Aug 05, 2019","Dec 30, 2018","Sep 29, 2019",-128.38%,-77.27%,-24.63%,-145.48%,25.64M,38.52,-23.50%,5.38M,-15.57M,-32.93M,-49.4650,,1.23M,0.38,14.93M,83.28,0.38,7.05,-9.37M,4.94M
17,20200520,IAG,1.78B,1.51B,,26.96,1.59,1.64,0.79,1.38,9.03,1.21,47.45%,3.13%,4.1700,1.4400,3.2323,3.1884,8.39M,6.73M,471M,467.73M,0.29%,42.84%,9.85M,0.93,,1.21%,,,,,,0.00%,"Jul 11, 2013","Jun 30, 2013",,,"Dec 30, 2019","Mar 30, 2020",-37.26%,-2.42%,-0.42%,-13.75%,1.09B,2.32,9.40%,53.7M,166.9M,-367M,-0.8660,,802.2M,1.7,483.2M,20.76,4.08,4.78,398.2M,-48.05M
18,20200520,PLUG,1.36B,1.54B,,-20.02,-0.52,5.47,11.85,6.18,-32.20,1.22,66.14%,3.13%,6.0500,1.8600,4.0923,3.8249,15.46M,11.13M,324.28M,303.97M,1.01%,42.13%,67.91M,7.37,21.90%,21.68%,,,,,,0.00%,,,1:10,"May 19, 2011","Dec 30, 2019","Mar 30, 2020",-36.87%,-22.23%,-6.06%,-131.15%,249.47M,0.97,119.50%,27.97M,-47.92M,-92M,-0.3560,,74.34M,0.24,219.82M,200.14,1.83,0.35,-75.27M,-37.15M
19,20200520,DGLY,13.24M,22.12M,,,,1.27,,2.12,-1.90,0.65,-72.43%,3.13%,3.2500,0.6400,0.8594,1.0283,339.01k,141.53k,16.14M,12.22M,25.15%,3.99%,736.46k,1.58,6.13%,5.15%,,,,,,0.00%,,,1:8,"Aug 23, 2012","Dec 30, 2019","Dec 30, 2019",-95.83%,-115.24%,-64.68%,,10.44M,0.91,1.80%,3.23M,-11.64M,-10.01M,-0.8720,,359.69k,0.02,8.53M,,1.11,-0.53,-1.12M,-2.67M
20,20200520,RRTS,85.26M,491.68M,,-6.08,0.60,0.05,1.53,0.27,-7.23,1.61,-83.35%,3.13%,12.7500,1.7500,2.2680,6.6765,87.56k,17.25k,37.64M,3.25M,3.32%,94.76%,225.03k,1.47,4.65%,0.41%,,,,,,0.00%,,,1:25,"Apr 04, 2019","Dec 30, 2019","Dec 30, 2019",-18.45%,-6.91%,-10.48%,"-18,544.30%",1.85B,57.57,-27.30%,287.76M,-67.99M,-340.94M,-10.6220,,4.78M,0.13,415.37M,743.96,0.96,1.47,-97.08M,-32.22M
21,20200520,HMHC,180.58M,860.31M,,-1.33,-0.20,0.13,0.81,0.62,-93.75,1.27,-79.10%,3.13%,7.0150,1.0300,1.3661,4.4524,977.59k,1.18M,125.41M,104.88M,0.71%,99.12%,4.54M,2.46,3.62%,2.58%,,,,,,0.00%,,,1:2,"Oct 21, 2013","Dec 30, 2019","Mar 30, 2020",-31.92%,-8.43%,-3.14%,-100.94%,1.39B,11.14,-2.40%,573.05M,-9.18M,-442.44M,-3.5570,,254.66M,2.03,951.95M,425.05,1.10,1.79,274.27M,193.11M
22,20200520,ETM,194.52M,2.13B,,2.45,-0.24,0.13,0.23,1.43,6.83,1.34,-80.03%,3.13%,6.4200,0.7500,1.1071,3.3229,1.83M,1.99M,130.57M,115.21M,13.88%,74.31%,11.98M,4.7,10.01%,8.38%,0.08,6.72%,0.22,17.32%,,,"Mar 26, 2020","Mar 11, 2020",,,"Dec 30, 2019","Dec 30, 2019",-28.20%,18.36%,4.46%,-37.93%,1.49B,10.88,0.70%,403.31M,312.64M,-420.21M,-3.0700,,20.39M,0.15,2B,227.15,2.02,6.39,132.19M,103.33M
23,20200520,GMLP,163.54M,1.71B,29.13,2.36,0.38,0.55,0.38,5.72,8.26,1.08,-79.69%,3.13%,12.1100,1.3000,2.4349,5.8555,646.96k,258.37k,69.3M,47.97M,30.63%,32.21%,1.78M,1.29,2.33%,1.63%,0.08,3.88%,1.62,68.52%,15.31,"2,021.00%","May 13, 2020","May 05, 2020",,,"Dec 30, 2019","Dec 30, 2019",5.94%,44.85%,3.86%,2.99%,299.65M,4.23,-4.30%,231.05M,207.72M,5.76M,0.0810,,47.66M,0.67,1.38B,210.80,0.43,6.17,152.71M,58.82M
24,20200520,EXK,272.57M,202.94M,,9.47,,2.36,2.48,1.75,-29.70,,-0.56%,3.13%,3.2000,0.9900,1.4886,1.8847,2.81M,4.12M,143.84M,141.34M,,,8.32M,3.34,,5.42%,,,,,,0.00%,,,1:4,"Aug 26, 2002","Dec 30, 2019","Mar 30, 2020",-43.86%,-32.17%,-14.76%,-41.74%,115.63M,0.84,-24.80%,14.13M,-6.83M,-50.71M,-0.3710,,15.07M,0.11,12.64M,11.60,2.15,0.76,-3.09M,-2.35M
25,20200520,AMRN,2.8B,2.5B,,13.22,-1.93,5.48,4.66,4.89,-102.53,2.83,-55.95%,3.13%,26.12,3.95,6.94,15.55,15.82M,8.65M,385.49M,346.99M,0.99%,43.74%,34.75M,1.35,,9.89%,,,,,,0.00%,,,1:10,"Jan 17, 2008","Dec 30, 2019","Mar 30, 2020",-3.67%,-5.00%,-2.46%,-5.16%,511.47M,1.46,111.50%,333.74M,-24.37M,-18.77M,-0.06,,542.24M,1.41,47.1M,8.04,2.63,1.56,32.86M,34.87M
26,20200520,HHS,15.56M,36.78M,,,0.11,0.07,,0.17,-3.61,1.70,-23.47%,3.13%,3.9700,1.1000,1.9317,2.7921,16.95k,20.07k,6.44M,3.66M,40.69%,52.17%,25.52k,0.43,0.30%,0.15%,,,0.00,0.00%,,0.00%,"Mar 14, 2016","Feb 25, 2016",1:10,"Jan 31, 2018","Dec 30, 2019","Dec 30, 2019",-12.07%,-7.15%,-8.26%,,217.58M,34.62,-25.50%,14.09M,-10.2M,-26.76M,-4.2600,,28.1M,4.45,39.39M,,1.74,-7.88,12.1M,9.68M
27,20200520,INWK,61.27M,244.39M,,4.68,1.01,0.05,0.34,0.21,7.46,2.30,-67.83%,3.13%,5.8100,0.8700,1.2920,3.4424,220.81k,213.73k,52.37M,35.35M,21.89%,84.21%,1.39M,6.57,4.80%,3.23%,,,,,,0.00%,,,,,"Dec 30, 2019","Dec 30, 2019",-0.87%,2.33%,2.69%,-5.61%,1.16B,21.73,8.90%,262.01M,32.78M,-10.07M,-0.1900,,42.71M,0.82,212.78M,119.37,1.52,3.43,22.47M,17.11M
28,20200520,FLNT,139.66M,212.2M,,-61.33,-0.72,0.50,0.66,0.75,9.64,2.53,-67.97%,3.13%,6.1200,1.0200,1.6631,2.0677,339.96k,404.07k,76.23M,35.38M,46.82%,31.36%,1.62M,5.09,3.08%,1.67%,,,,,,0.00%,,,1:5,"Mar 19, 2015","Dec 30, 2019","Dec 30, 2019",-0.62%,2.87%,1.65%,-0.84%,281.68M,3.55,13.00%,87.25M,22.02M,-1.75M,-0.0220,-41.80%,18.68M,0.25,63.13M,29.93,1.56,2.78,26.02M,21.15M
29,20200520,RFP,165.27M,953.01M,,23.65,-7.67,0.06,0.14,0.34,6.76,3.01,-70.74%,3.13%,7.3300,1.1400,1.6986,2.9732,332.95k,185.38k,87.36M,87.02M,1.24%,88.89%,578.07k,1.92,0.87%,0.56%,,,,,,0.00%,"Dec 19, 2018","Dec 04, 2018",,,"Dec 30, 2019","Mar 30, 2020",-3.20%,-0.99%,-0.46%,-6.40%,2.82B,31.19,-13.30%,738M,141M,-90M,-0.9960,,116M,1.32,883M,71.56,3.21,13.99,13M,5.12M
30,20200520,WPG,126.75M,3.52B,,-1.33,,0.20,0.20,5.46,10.74,1.63,-85.24%,3.13%,4.7500,0.5590,0.7488,2.5801,7.16M,4.47M,187.36M,166.82M,1.10%,84.84%,63.33M,10.3,57.52%,37.05%,,,0.75,109.47%,17.49,,"Mar 15, 2020","Mar 05, 2020",,,"Dec 30, 2019","Mar 30, 2020",1.99%,14.03%,1.32%,1.32%,645.26M,3.44,-9.60%,424.18M,327.63M,-1.21M,-0.0160,,39.61M,0.23,3.13B,359.02,0.49,3.33,,
31,20200520,MFA,756.7M,10.7B,2.11,2.57,0.48,1.62,0.22,22.87,,1.52,-77.79%,3.13%,8.0900,0.3200,1.5931,5.7443,33.85M,17.39M,453.12M,449.29M,0.60%,76.47%,10.93M,0.72,7.00%,6.95%,,,0.80,49.69%,11.98,101.27%,"Apr 29, 2020","Mar 29, 2020",,,"Dec 30, 2019","Dec 30, 2019",80.82%,80.82%,2.91%,11.12%,467.83M,1.04,52.40%,423.37M,,362.03M,0.7930,65.30%,70.63M,0.16,10.03B,296.45,50.71,7.48,215.78M,
32,20200520,MBII,158.83M,167.21M,,-10.65,,5.41,6.30,5.69,-8.60,0.10,-40.56%,3.13%,1.8500,0.6100,0.7894,1.0154,252.63k,477.78k,149.13M,78.84M,0.80%,73.29%,2.82M,13.08,5.13%,2.21%,,,,,,0.00%,,,,,"Dec 30, 2019","Dec 30, 2019",-126.56%,-74.17%,-22.83%,-203.73%,29.37M,0.25,17.00%,16.11M,-19.44M,-37.17M,-0.3150,,6.25M,0.04,27.93M,118.55,1.03,0.17,-21.34M,-4.94M
33,20200520,VOLT,15.85M,88.18M,,2.47,,0.02,0.33,0.09,-28.24,2.07,-82.09%,3.13%,4.7500,0.6500,0.8117,1.8884,69.14k,60.38k,21.41M,12.92M,37.00%,39.65%,15.25k,0.11,0.07%,0.06%,,,,,,0.00%,,,3:2,"Jan 28, 2007","Nov 02, 2019","Feb 01, 2020",-2.37%,-1.09%,-2.70%,-47.35%,961.42M,45.34,-14.10%,152.56M,-3.12M,-22.78M,-1.0740,,33.66M,1.57,103.65M,213.86,1.78,2.26,5.44M,13.59M
34,20200520,GEN,105.49M,4.25B,6.40,-10.67,-0.72,0.02,,0.93,24.35,1.32,-48.78%,3.13%,1.8600,0.5800,0.7766,1.3208,454.3k,753.15k,108.16M,69.74M,43.43%,34.42%,2.13M,6.66,3.02%,1.39%,,,,,,0.00%,,,10:11,"Apr 03, 2013","Dec 30, 2019","Dec 30, 2019",0.32%,1.12%,0.72%,,4.57B,42.56,-4.30%,2.08B,174.44M,14.62M,0.1000,,12.1M,0.11,4.5B,,0.77,-7.01,-7.17M,-478.27M
35,20200520,IPI,132.76M,176.23M,,17.07,-0.54,0.76,0.31,1.00,3.85,1.85,-68.64%,3.13%,3.8700,0.6000,0.9074,1.8010,835.93k,704.77k,131.48M,92.97M,41.90%,46.87%,3.3M,2,2.15%,1.29%,,,,,,0.00%,"Dec 26, 2012","Dec 12, 2012",,,"Dec 30, 2019","Mar 30, 2020",0.05%,6.16%,1.19%,0.02%,175.76M,1.36,9.70%,45.29M,45.83M,79k,-0.0090,,44.37M,0.34,83.17M,19.42,2.05,3.35,56.03M,-7.1M
36,20200520,LYG,24.13B,144.96T,4.70,,,,0.44,,,1.10,-53.29%,3.13%,3.5800,1.2700,1.4626,2.4707,14.63M,10.02M,17.61B,91.79T,0.00%,1.74%,813.61k,0.18,,0.02%,,,0.04,2.89%,4.49,47.55%,"Jun 07, 2020","Apr 15, 2020",1:1,"May 05, 2009","Dec 30, 2019","Mar 30, 2020",14.05%,0.00%,0.27%,4.65%,,,-35.10%,16.98B,,,0.3000,-60.00%,,,,,,3.23,,
37,20200520,LYG,24.13B,144.96T,4.70,,,,0.44,,,1.10,-53.29%,3.13%,3.5800,1.2700,1.4626,2.4707,14.63M,10.02M,17.61B,91.79T,0.00%,1.74%,813.61k,0.18,,0.02%,,,0.04,2.89%,4.49,47.55%,"Jun 07, 2020","Apr 15, 2020",1:1,"May 05, 2009","Dec 30, 2019","Mar 30, 2020",14.05%,0.00%,0.27%,4.65%,,,-35.10%,16.98B,,,0.3000,-60.00%,,,,,,3.23,,
38,20200520,CX,3.09B,13.54B,20.45,9.74,-1.11,0.24,0.35,1.03,6.87,,-53.42%,3.13%,4.4600,1.5500,2.0426,3.1629,11.34M,9.39M,1.51B,1.51B,0.08%,32.62%,6.95M,1.2,,0.89%,0.1,5.09%,0.01,0.49%,,163.38%,"Dec 17, 2019","Dec 12, 2019",104:100,"May 02, 2017","Dec 30, 2019","Mar 30, 2020",1.11%,9.85%,2.81%,1.13%,13.12B,8.70,-3.60%,4.3B,1.97B,93.45M,0.1000,8.60%,1.39B,0.92,10.2B,100.27,1.04,5.82,,
39,20200520,VEON,2.56B,11.93B,11.02,4.88,-0.18,0.29,4.85,1.36,4.20,,-40.24%,3.13%,3.2800,1.2500,1.5611,2.1370,6.81M,5.04M,1.75B,596.32M,56.17%,25.42%,3.26M,0.89,,0.20%,0.3,20.41%,0.28,19.05%,6.91,200.00%,"Mar 04, 2020","Feb 25, 2020",5:1,"Aug 21, 2007","Dec 30, 2019","Mar 30, 2020",2.66%,15.83%,5.60%,12.06%,8.8B,5.01,-1.30%,6.79B,2.84B,234M,0.1330,-78.20%,1.85B,1.03,10.05B,673.73,0.48,0.30,2.74B,597.63M
40,20200520,CSLT,104.74M,99.67M,,-11.68,-0.19,0.71,0.87,0.68,-3.25,1.49,-78.27%,3.13%,3.5100,0.6000,0.6974,1.0897,559.07k,475.8k,114.48M,93.85M,3.89%,79.49%,2.65M,6.54,3.59%,2.10%,,,,,,0.00%,,,,,"Dec 30, 2019","Mar 30, 2020",-58.42%,-25.05%,-10.33%,-55.37%,146.86M,1.00,10.00%,84.23M,-30.67M,-85.8M,-0.5850,,43.69M,0.29,16.98M,14.14,1.84,0.81,-19.62M,-1.03M
41,20200520,ABUS,164.47M,142.88M,,-1.68,,27.36,,23.77,-2.09,2.58,-19.74%,3.13%,3.6600,0.8200,1.2586,2.1326,909.67k,1.93M,68.96M,39.24M,30.16%,35.04%,527.71k,0.6,0.80%,0.58%,,,,,,0.00%,,,1:5,"Nov 03, 2010","Dec 30, 2019","Dec 30, 2019",0.00%,"-1,168.61%",-26.33%,-112.63%,6.01M,0.10,-3.60%,-51.59M,-68.22M,-164.87M,-2.8880,,90.83M,1.32,3.36M,4.62,11.99,-1.00,-71.01M,-39.12M
42,20200520,CTEK,16.3M,16.97M,1.04,-17.44,-0.50,0.76,0.43,0.79,-5.60,2.22,-65.82%,3.13%,4.9400,1.1100,1.8163,2.7287,25.63k,33.22k,10.38M,7.47M,20.73%,32.16%,47.28k,1.62,0.36%,0.28%,,,,,,0.00%,,,1:3,"Jan 12, 2017","Dec 30, 2019","Dec 30, 2019",69.70%,-23.71%,-6.38%,-18.50%,21.36M,2.17,-17.30%,8.35M,-3.03M,-5.41M,1.5100,,5.33M,0.51,1.96M,5.13,2.61,3.68,-1.63M,3.09M
43,20200520,CNDT,470.4M,2.1B,,4.79,-0.27,0.11,0.39,0.48,4.53,1.65,-75.39%,3.13%,9.9300,1.5400,2.1450,4.2803,2.46M,4.75M,209.07M,199.87M,6.22%,88.92%,5.32M,1.87,2.14%,1.75%,,,,,,0.00%,,,,,"Dec 30, 2019","Mar 30, 2020",-38.42%,0.05%,0.02%,-75.60%,4.36B,20.75,-9.20%,973M,463M,-1.68B,-8.0220,,395M,1.89,1.88B,138.03,1.54,5.84,-11M,105.38M
44,20200520,HTBX,55.88M,28.75M,,-1.83,,18.33,1.64,9.43,-1.50,-0.09,-28.57%,3.13%,1.2500,0.2000,0.5651,0.4757,14.93M,7.7M,82.7M,70.61M,6.04%,13.56%,1.17M,0.24,1.66%,1.56%,,,,,,0.00%,,,1:10,"Jan 21, 2018","Dec 30, 2019","Dec 30, 2019",0.00%,-636.10%,-38.05%,-93.94%,3.05M,0.09,-2.90%,-9.96M,-19.16M,-20.02M,-0.6010,,14.75M,0.19,1.93M,14.65,1.80,0.40,-12.84M,-5.05M
45,20200520,JT,123.59M,157.24M,,-9.14,,,0.50,,,1.21,-85.94%,3.13%,5.0580,0.6000,0.8160,1.2889,126.06k,135.82k,169.07M,93.39M,4.25%,46.00%,1.85M,12.23,,1.10%,,,,,,0.00%,,,,,"Dec 30, 2019","Dec 30, 2019",-22.34%,0.00%,-6.21%,-29.52%,,,-61.00%,1.5B,,,-0.2900,,,,,6.85,2.92,1.47,,
46,20200520,SGLB,6.05M,2.76M,,-0.74,,15.03,4.25,6.86,-0.50,0.99,72.87%,3.13%,7.0000,0.4511,2.4082,1.7917,325.71k,634.25k,2.56M,995.72k,13.74%,2.58%,72.38k,0.34,7.26%,6.46%,,,,,,0.00%,,,1:2,"Feb 14, 2017","Dec 30, 2019","Dec 30, 2019",0.00%,"-1,416.24%",-172.81%,-529.45%,402.45k,0.34,130.40%,-171.85k,-5.51M,-6.32M,-5.3740,,86.92k,0.07,50k,7.67,0.90,0.56,-5.51M,-2.8M
47,20200520,NGD,740.28M,1.07B,,9.91,-1.84,1.22,0.78,1.77,5.53,2.10,53.73%,3.13%,1.5600,0.3900,0.7826,0.8213,6.39M,3.76M,676M,581.86M,0.19%,57.55%,13.46M,1.22,,1.50%,,,,,,0.00%,,,,,"Dec 30, 2019","Mar 30, 2020",-14.61%,-4.86%,-0.79%,-9.46%,605M,0.95,-15.20%,258.7M,193.2M,-88.4M,-0.1400,,400.4M,0.59,779.6M,83.04,3.06,1.39,240.5M,1.4M
48,20200520,HYRE,39.64M,19.81M,,-20.83,,2.50,5.50,1.25,-1.56,,-47.90%,3.13%,4.9500,0.8800,1.5661,2.3879,214.93k,118.47k,17.3M,11.59M,31.73%,33.86%,1.29M,5.22,6.70%,6.21%,,,,,,0.00%,,,,,"Dec 30, 2019","Dec 30, 2019",-78.96%,-80.04%,-84.48%,-205.41%,15.85M,1.14,55.70%,6.01M,-12.69M,-12.52M,-0.8970,,10.66M,0.65,,,2.45,0.42,-8.11M,-3.53M
49,20200520,TNXP,41.32M,24.43M,,-1.25,,,0.72,,-0.85,1.18,-95.73%,3.13%,24.9000,0.3900,0.7149,1.1224,10.46M,5.05M,49.35M,49.33M,0.05%,7.00%,1.88M,0.17,0.80%,0.80%,,,,,,0.00%,,,1:10,"Oct 31, 2019","Dec 30, 2019","Dec 30, 2019",0.00%,0.00%,-88.16%,-173.02%,,,,,-28.8M,-31.09M,-19.3290,,11.25M,0.23,358k,3.80,2.72,1.10,-26.68M,-16.1M
50,20200520,RESN,117.1M,109.82M,,-8.88,,102.27,2.49,95.91,-3.68,,-20.00%,3.13%,3.5800,0.9510,1.9797,2.0103,783.93k,993.6k,52.75M,41.7M,13.29%,18.99%,3.55M,3.78,7.75%,7.21%,,,,,,0.00%,,,,,"Dec 30, 2019","Mar 30, 2020",0.00%,"-2,692.93%",-64.41%,-131.75%,1.15M,0.04,306.00%,735k,-29.86M,-30.8M,-0.9290,,29.59M,0.56,2.52M,8.54,5.54,0.89,,
51,20200520,IMMP,39M,39.66M,,,,,1.35,,,1.02,-44.04%,3.13%,3.1000,0.5300,0.9320,1.7146,565.01k,330.27k,38.88M,35.76M,0.00%,1.81%,356.14k,0.41,,0.86%,,,,,,0.00%,,,1:10,"Nov 06, 2019","Jun 29, 2019","Dec 30, 2019",-120.55%,0.00%,-22.01%,-50.73%,,,320.70%,-10.95M,,,-0.4000,,,,,30.27,6.77,0.8,,
52,20200520,ARLO,176.59M,-25.14M,,-3.68,0.14,0.48,0.85,-0.07,0.20,,-44.53%,3.13%,5.1300,1.2000,2.3426,3.2008,1.04M,1.38M,77.45M,73.98M,3.29%,77.02%,2.68M,4.16,5.52%,4.05%,,,,,,0.00%,,,,,"Dec 30, 2019","Dec 30, 2019",-23.23%,-37.18%,-15.10%,-36.35%,370.01M,4.93,0.20%,35.87M,-126.88M,-85.95M,-1.1450,,256.67M,3.35,32.91M,16.18,1.60,2.68,9.17M,52.12M
53,20200520,GSAT,499.6M,890.38M,,-4.99,-0.36,3.73,1.01,6.65,26.23,,-44.64%,3.13%,0.6300,0.2300,0.3046,0.3981,1.36M,771.65k,1.67B,508.31M,63.59%,21.68%,30.07M,24.48,5.10%,1.70%,,,,,,0.00%,,,,,"Dec 30, 2019","Mar 30, 2020",-36.37%,-46.21%,-3.90%,-11.06%,133.83M,0.09,7.00%,78.08M,33.94M,-48.67M,-0.0740,,10.46M,0.01,370.37M,74.80,1.05,0.30,6.33M,84.72M
54,20200520,AKRX,36.92M,754.27M,,1.46,0.08,0.05,0.15,1.11,78.82,1.14,-93.62%,3.13%,5.4600,0.1800,0.2654,1.6371,10.84M,18.48M,133.15M,104.37M,8.14%,75.93%,8.37M,0.67,9.29%,8.08%,,,,,,0.00%,,"May 23, 1991",,,"Dec 30, 2019","Dec 30, 2019",-33.23%,-8.90%,-2.73%,-66.88%,682.43M,5.42,5.80%,252.71M,9.57M,-226.77M,-1.8000,,144.8M,1.15,867.69M,370.35,0.49,1.86,-36.92M,-13.47M
55,20200520,AKRX,36.92M,754.27M,,1.46,0.08,0.05,0.15,1.11,78.82,1.14,-93.62%,3.13%,5.4600,0.1800,0.2654,1.6371,10.84M,18.48M,133.15M,104.37M,8.14%,75.93%,8.37M,0.67,9.29%,8.08%,,,,,,0.00%,,"May 23, 1991",,,"Dec 30, 2019","Dec 30, 2019",-33.23%,-8.90%,-2.73%,-66.88%,682.43M,5.42,5.80%,252.71M,9.57M,-226.77M,-1.8000,,144.8M,1.15,867.69M,370.35,0.49,1.86,-36.92M,-13.47M
56,20200520,CCO,451.09M,7.08B,,-1.97,-1.24,0.17,,2.67,13.58,2.15,-82.23%,3.13%,5.4700,0.3600,0.7763,1.9402,3.88M,2.74M,467.3M,463.42M,0.17%,62.63%,13.39M,5.01,5.04%,3.89%,,,,,,0.00%,"Jan 23, 2018",,,,"Dec 30, 2019","Mar 30, 2020",-18.00%,7.97%,2.12%,,2.65B,6.04,-6.20%,1.23B,521.07M,-476.63M,-1.0920,,371.77M,0.8,6.91B,,1.26,-5.36,163.58M,-273.38M
57,20200520,JE,59.9M,66.09M,0.24,0.80,,,,,,1.51,-88.10%,3.13%,4.4200,0.3500,0.4589,1.2524,657.66k,598.33k,151.59M,97.93M,42.98%,22.54%,3.81M,6.37,,2.44%,,,0.38,92.91%,9.92,,"Jun 27, 2019","Jun 13, 2019",2:1,"Jan 27, 2004","Mar 30, 2019","Dec 30, 2019",-8.11%,0.00%,0.85%,,,,-10.30%,712.22M,,,1.7600,,,,,,0.76,-0.05,,
58,20200520,GRPN,721.26M,279.61M,,42.33,1.43,0.33,1.82,0.13,3.14,1.76,-65.44%,3.13%,3.7500,0.4800,1.0277,1.9743,19.59M,8.34M,567.89M,359.15M,22.75%,73.67%,33.9M,1.35,5.70%,3.79%,,,,,,0.00%,,,,,"Dec 30, 2019","Dec 30, 2019",-1.01%,1.80%,1.54%,-3.68%,2.22B,3.91,-23.50%,1.19B,89.03M,-24.97M,-0.0390,66.70%,750.89M,1.33,371.76M,94.11,1.08,0.70,71.28M,18.54M
59,20200520,MEIP,314.81M,197.74M,,-6.46,104.20,69.36,4.22,43.56,-4.05,1.85,-8.13%,3.13%,3.6400,0.7200,2.3014,2.0660,1.9M,1.71M,106M,66.59M,3.00%,69.40%,2.57M,1.3,4.25%,4.23%,,,,,,0.00%,,,1:6,"Dec 18, 2012","Jun 29, 2019","Mar 30, 2020",0.00%,"-1,077.84%",-33.50%,-43.58%,4.54M,0.05,-0.40%,652k,-48.8M,-24.49M,-0.4720,,92.8M,0.88,100k,0.13,9.30,0.70,-42.92M,-25.52M
60,20200520,AGEN,439.72M,391.49M,,-2.06,,5.16,,4.59,-3.31,1.92,-16.11%,3.13%,4.5700,1.8200,2.5706,3.2603,2.8M,3.09M,169.78M,111.2M,19.71%,41.54%,13.99M,7.33,10.79%,9.54%,,,,,,0.00%,,,1:6,"Oct 02, 2011","Dec 30, 2019","Mar 30, 2020",-199.76%,-146.73%,,,85.28M,0.61,-81.10%,-18.29M,-118.45M,-170.57M,-1.2150,,61.81M,0.38,23.54M,,,-1.63,,
61,20200520,TXMD,312.41M,428.9M,,-4.79,-0.10,5.39,,7.40,-2.65,2.23,-63.50%,3.13%,4.3200,0.8500,1.1063,1.9393,5.26M,3.5M,271.68M,244.91M,12.67%,71.24%,88.78M,14.51,33.24%,29.97%,,,,,,0.00%,,,1:100,"Oct 02, 2011","Dec 30, 2019","Mar 30, 2020",0.00%,-283.04%,-45.51%,"-2,499.18%",57.95M,0.23,210.40%,43.31M,-161.73M,-193.49M,-0.7620,,170.1M,0.63,253.96M,,3.44,-0.17,-166.65M,-121.91M
62,20200520,SABR,1.89B,4.88B,,62.50,0.51,0.53,2.81,1.36,19.93,,-66.62%,3.13%,25.44,3.30,6.09,15.88,9.92M,10.36M,275.52M,272.13M,0.52%,93.51%,6.41M,2.03,9.88%,8.85%,,,0.56,8.38%,2.38,,"Mar 29, 2020","Mar 18, 2020",,,"Dec 30, 2019","Mar 30, 2020",-3.10%,3.29%,1.28%,-12.70%,3.58B,13.09,-37.20%,939.99M,244.65M,-108.5M,-0.41,,684.47M,2.49,3.7B,541.82,1.24,2.45,466.36M,541.34M
63,20200520,MIK,440.51M,4.41B,1.68,1.70,0.47,0.09,,0.87,6.61,2.55,-69.90%,3.13%,11.1000,1.0000,2.5133,5.1020,5.06M,2.99M,147.33M,73.12M,0.47%,117.40%,27.16M,5.76,38.72%,19.40%,,,,,,0.00%,,,,,"Jan 31, 2020","Jan 31, 2020",5.37%,11.29%,12.00%,,5.07B,33.12,-3.70%,1.88B,666.5M,272.28M,1.7770,0.10%,409.96M,2.79,4.35B,,1.34,-9.85,493.18M,262.25M
64,20200520,CLVS,606.75M,1.08B,,-2.57,-0.02,3.98,,7.06,-3.02,2.57,-48.54%,3.13%,17.61,2.93,7.94,8.45,7.53M,13.64M,76.9M,68.36M,2.27%,48.46%,25.12M,3.92,30.16%,29.12%,,,,,,0.00%,,,,,"Dec 30, 2019","Mar 30, 2020",-271.13%,-238.84%,-32.83%,,152.45M,2.60,28.50%,113.08M,-355.94M,-413.34M,-7.06,,228.36M,2.97,610.45M,,2.47,-1.73,-307.66M,-152.2M
